{
  "model": "LinearRegression baseline",
  "metrics": {
    "mae": 0.5260618284982321,
    "mse": 0.5317419743367899,
    "rmse": 0.7292064003674062,
    "r2": 0.5942167802828981
  }
}