{
  "model": "lr",
  "tuned": false,
  "metrics": {
    "mae": 0.5260618284982321,
    "mse": 0.5317419743367899,
    "rmse": 0.7292064003674062,
    "r2": 0.5942167802828981
  },
  "cv_metrics": {
    "mae_mean": 0.5232618931277949,
    "mae_std": 0.004429792930798348,
    "mse_mean": 0.5103474392831242,
    "mse_std": 0.012505274698737726,
    "rmse_mean": 0.7143325158346701,
    "rmse_std": 0.008746205144803594,
    "r2_mean": 0.6181457980234935,
    "r2_std": 0.004142194058620598,
    "cv_folds": 5
  }
}