{
  "model": "rfr",
  "metrics": {
    "mae": 0.3510088764534883,
    "mse": 0.2870495749358009,
    "rmse": 0.53577007655878,
    "r2": 0.7809465749226339
  },
  "cv_metrics": {
    "mae_mean": 0.3545955537870882,
    "mae_std": 0.007205867672523688,
    "mse_mean": 0.2891141373007511,
    "mse_std": 0.008275067901477601,
    "rmse_mean": 0.5376382549303801,
    "rmse_std": 0.007697021252843479,
    "r2_mean": 0.7835619306257827,
    "r2_std": 0.008177482864829593,
    "cv_folds": 5
  }
}